[{"id":"71c55db6-559f-414a-9888-267b1ca3479e","codename":"post","last_modified":"2019-08-12T11:31:11.3096491Z","name":"Post","content_groups":[],"elements":[{"snippet":{"id":"efed04f0-9b51-4c69-95a4-3169fd85234a"},"type":"snippet","id":"b00c8fae-82b9-4d6d-89a7-31d5a1dca3ca","codename":"front_matter"},{"name":"Published","guidelines":null,"is_required":true,"type":"date_time","id":"2afca0b6-05b8-4fe9-ac92-420f08841db9","codename":"published"},{"depends_on":{"snippet":{"id":"efed04f0-9b51-4c69-95a4-3169fd85234a"},"element":{"id":"343d0630-e94e-418e-b326-11b20c70ada1"}},"name":"Slug","guidelines":"URL will consist of date and slug combined. Slug should be unique per day. For example, if the published date is Jan 2, 2018 and the slug is \"my-post\" the URL will be \"2018/01/02/my-post\"","is_required":true,"type":"url_slug","id":"2d355d74-c721-431d-899f-16bcf898812f","codename":"slug"},{"maximum_text_length":null,"name":"Excerpt","guidelines":null,"is_required":false,"type":"text","id":"013ccbd9-ee26-43be-8bc0-dd4d8f6744d8","codename":"excerpt"},{"maximum_text_length":null,"maximum_image_size":null,"allowed_content_types":[],"image_width_limit":null,"image_height_limit":null,"allowed_image_types":"any","allowed_blocks":[],"allowed_formatting":[],"allowed_text_blocks":[],"allowed_table_blocks":["text"],"allowed_table_formatting":[],"allowed_table_text_blocks":["paragraph"],"name":"Body","guidelines":null,"is_required":false,"type":"rich_text","id":"7b1dbee6-b4e7-44d9-be0b-245f96df0d60","codename":"body"},{"item_count_limit":{"value":1,"condition":"at_least"},"allowed_content_types":[{"id":"e624e463-2680-4250-9e90-7ee4081acfd2"}],"name":"Authors","guidelines":null,"is_required":true,"type":"modular_content","id":"e6d8dff2-8f0f-4c97-8c7f-4a1b1b4f080d","codename":"authors"},{"guidelines":null,"taxonomy_group":{"id":"4cf51d34-86fb-47e3-b31d-2d97fa93426a"},"is_required":true,"type":"taxonomy","id":"8053404e-f712-4155-9c08-c2103f6f5618","codename":"activities"},{"snippet":{"id":"beb7f4a2-358d-4451-a23f-c8e52b7e37ab"},"type":"snippet","id":"f1841edb-1e94-43b4-b13e-b78082cb876a","codename":"metadata"}]},{"id":"3630c8cd-e737-4d9c-b89e-c782d3fe12ad","codename":"wikipedia_attribution","last_modified":"2018-09-11T21:41:13.2481503Z","name":"Wikipedia Attribution","content_groups":[],"elements":[{"guidelines":"<p>Attribution will look something like the below. Source title and license will be links:&nbsp;</p>\n<p>This work, \"blog post title\", is a derivative of \"Source Title\", used under CC BY-SA 3.0.&nbsp;</p>","type":"guidelines","id":"bc99abff-86eb-441a-9869-575292b2e89d","codename":"bc99abff_86eb_441a_9869_575292b2e89d"},{"maximum_text_length":null,"name":"Source Title","guidelines":null,"is_required":true,"type":"text","id":"47c95207-2fda-433f-8222-afd48efc716f","codename":"source_title"},{"maximum_text_length":null,"name":"Source URL","guidelines":null,"is_required":true,"type":"text","id":"9c3bd95e-ea23-49f8-b583-0e00dbeeeda3","codename":"source_url"}]},{"id":"da0859b7-ae2b-4bd0-9cd2-b01663492f77","codename":"page","last_modified":"2018-11-13T20:56:25.4678695Z","name":"Page","content_groups":[],"elements":[{"snippet":{"id":"efed04f0-9b51-4c69-95a4-3169fd85234a"},"type":"snippet","id":"6b6cd6ef-dc6d-4827-89c3-747bebc24131","codename":"front_matter"},{"depends_on":{"snippet":{"id":"efed04f0-9b51-4c69-95a4-3169fd85234a"},"element":{"id":"343d0630-e94e-418e-b326-11b20c70ada1"}},"name":"Slug","guidelines":"Must be unique","is_required":true,"type":"url_slug","id":"9819404b-4c39-43c4-a95b-3a315a6c4aa3","codename":"slug"},{"snippet":{"id":"beb7f4a2-358d-4451-a23f-c8e52b7e37ab"},"type":"snippet","id":"0fa5b97b-1bc2-4079-9bb2-2e6eb3032e9a","codename":"metadata"},{"maximum_text_length":null,"maximum_image_size":null,"allowed_content_types":[],"image_width_limit":null,"image_height_limit":null,"allowed_image_types":"any","allowed_blocks":[],"allowed_formatting":[],"allowed_text_blocks":[],"allowed_table_blocks":["text"],"allowed_table_formatting":[],"allowed_table_text_blocks":["paragraph"],"name":"Body","guidelines":null,"is_required":false,"type":"rich_text","id":"c16bec64-361d-489e-a52c-5d0451f3eb20","codename":"body"}]},{"id":"e624e463-2680-4250-9e90-7ee4081acfd2","codename":"author","last_modified":"2019-08-09T00:37:41.66261Z","name":"Author","content_groups":[],"elements":[{"maximum_text_length":null,"name":"Name","guidelines":null,"is_required":true,"type":"text","id":"a34f5dac-a576-4117-9db6-922f8549bd6d","codename":"name"},{"asset_count_limit":{"value":1,"condition":"exactly"},"maximum_file_size":null,"allowed_file_types":"adjustable","image_width_limit":null,"image_height_limit":null,"name":"Avatar","guidelines":null,"is_required":true,"type":"asset","id":"02833ecc-d6ca-4c00-ba53-84d546514849","codename":"avatar"},{"maximum_text_length":{"value":30,"applies_to":"words"},"name":"Byline","guidelines":null,"is_required":true,"type":"text","id":"0372a34d-b107-47ee-9b9d-bbdcc952c9cd","codename":"byline"},{"maximum_text_length":null,"name":"Location","guidelines":null,"is_required":false,"type":"text","id":"18d1257a-60e9-4076-b093-0c3b8d93b7de","codename":"location"},{"maximum_text_length":null,"name":"Website","guidelines":null,"is_required":false,"type":"text","id":"6ab7405c-4a03-4b79-a35a-d34f5f15eecd","codename":"website"},{"maximum_text_length":null,"name":"Twitter Handle","guidelines":null,"is_required":false,"type":"text","id":"e0134e46-4d3b-4cc5-81a1-8ef648093e84","codename":"twitter_handle"},{"maximum_text_length":null,"name":"Facebook Username","guidelines":null,"is_required":false,"type":"text","id":"bb42a4eb-1493-4fd6-999c-ceeb52fc5056","codename":"facebook_username"}]},{"id":"90ce3ad3-8db4-4a05-81cf-fa11ef62e722","codename":"taxonomy_details","last_modified":"2019-08-09T00:52:17.946084Z","name":"Taxonomy Details","content_groups":[],"elements":[{"snippet":{"id":"efed04f0-9b51-4c69-95a4-3169fd85234a"},"type":"snippet","id":"3a57ebe3-269b-40ec-bb3e-010ebdff4fdd","codename":"front_matter"},{"maximum_text_length":null,"name":"Description","guidelines":null,"is_required":false,"type":"text","id":"95f52bc0-bc79-4cb8-b14b-4ee31652a41e","codename":"description"},{"guidelines":null,"taxonomy_group":{"id":"4cf51d34-86fb-47e3-b31d-2d97fa93426a"},"is_required":false,"type":"taxonomy","id":"5f332404-ee99-4f88-a59e-eeec84aa3579","codename":"activities"}]},{"id":"c87e488e-2b58-450a-9314-49e7de6b5e61","codename":"configuration","last_modified":"2019-08-09T00:38:19.9981204Z","name":"Configuration","content_groups":[],"elements":[{"snippet":{"id":"efed04f0-9b51-4c69-95a4-3169fd85234a"},"type":"snippet","id":"41d27401-7cfd-4048-8ad5-28b1996454b8","codename":"front_matter"},{"maximum_text_length":null,"name":"Tagline","guidelines":null,"is_required":false,"type":"text","id":"59678fac-1b24-400d-b62f-7064feb14c54","codename":"tagline"}]},{"id":"fc857cbe-a218-4146-8bec-365f0a3738f3","codename":"html_embed","last_modified":"2018-09-12T12:19:49.2418564Z","name":"HTML Embed","content_groups":[],"elements":[{"maximum_text_length":null,"name":"Embed code","guidelines":null,"is_required":false,"type":"text","id":"d0fd6794-7efa-482d-964d-56ae9d230b42","codename":"embed_code"}]}]