[{"id":"09c2be52-1190-40cc-b43b-639f9f48ff9d","name":"Discover the Capital City of England","codename":"discover_the_capital_city_of_england","type":{"id":"71c55db6-559f-414a-9888-267b1ca3479e"},"sitemap_locations":[],"last_modified":"2018-09-12T17:58:58.5716227Z"},{"id":"13f51692-24cb-4d35-9cc2-dee0aee6dd85","name":"See the Iconic Golden Gate Bridge","codename":"see_the_iconic_golden_gate_bridge","type":{"id":"71c55db6-559f-414a-9888-267b1ca3479e"},"sitemap_locations":[],"last_modified":"2018-09-12T17:41:22.865639Z"},{"id":"2614e6f2-c6f6-45fd-9457-5df9b30dfa7b","name":"Jerry Rosario","codename":"jerry_rosario","type":{"id":"e624e463-2680-4250-9e90-7ee4081acfd2"},"sitemap_locations":[],"last_modified":"2018-09-11T20:23:41.7236235Z"},{"id":"300d6236-913d-4515-bdfa-156e2c28d45a","name":"Hiking","codename":"hiking","type":{"id":"90ce3ad3-8db4-4a05-81cf-fa11ef62e722"},"sitemap_locations":[],"last_modified":"2018-09-12T18:54:13.5068202Z"},{"id":"3073a306-64c8-470a-91e7-2b6c39d7092e","name":"Dive into Ancient History in Egypt","codename":"dive_into_ancient_history_in_egypt","type":{"id":"71c55db6-559f-414a-9888-267b1ca3479e"},"sitemap_locations":[],"last_modified":"2018-09-12T18:04:30.4821426Z"},{"id":"493e85c7-a5fc-456f-96e9-101f36d8436a","name":"About","codename":"about","type":{"id":"da0859b7-ae2b-4bd0-9cd2-b01663492f77"},"sitemap_locations":[],"last_modified":"2018-12-14T19:33:32.7547955Z"},{"id":"4d27f330-3ef1-4ea5-a4fb-2a132880661d","name":"Blog Configuration","codename":"blog_configuration","type":{"id":"c87e488e-2b58-450a-9314-49e7de6b5e61"},"sitemap_locations":[],"last_modified":"2018-09-28T21:11:37.2902315Z"},{"id":"5dca5212-8168-434d-ab02-3a74d9e03f02","name":"Explore Eastern Washington","codename":"explore_eastern_washington","type":{"id":"71c55db6-559f-414a-9888-267b1ca3479e"},"sitemap_locations":[],"last_modified":"2018-09-12T17:31:13.3217326Z"},{"id":"601ae69f-a9d3-40df-a6bf-18607a4def77","name":"Road Tripping","codename":"road_tripping","type":{"id":"90ce3ad3-8db4-4a05-81cf-fa11ef62e722"},"sitemap_locations":[],"last_modified":"2018-09-12T18:35:57.8935806Z"},{"id":"75aa0198-2db5-4ed7-8006-10d9af587cc9","name":"Float through the Streets of Venice","codename":"float_through_the_streets_of_venice","type":{"id":"71c55db6-559f-414a-9888-267b1ca3479e"},"sitemap_locations":[],"last_modified":"2018-09-12T17:55:03.7477696Z"},{"id":"95b174aa-c05b-453f-a02a-9f1e5ef96bd7","name":"Billy Bates Cobbs","codename":"billy_bates_cobbs","type":{"id":"e624e463-2680-4250-9e90-7ee4081acfd2"},"sitemap_locations":[],"last_modified":"2018-12-12T17:28:15.4909494Z"},{"id":"a992cd11-f5f8-4842-b7c1-18af72b53951","name":"Sight-seeing","codename":"sight_seeing","type":{"id":"90ce3ad3-8db4-4a05-81cf-fa11ef62e722"},"sitemap_locations":[],"last_modified":"2018-09-12T18:45:32.9498504Z"},{"id":"bc1bcd7a-2b16-462a-be64-98d342c61a52","name":"Enjoy Beautiful Music at the Sydney Opera House","codename":"enjoy_beautiful_music_at_the_sydney_opera_house","type":{"id":"71c55db6-559f-414a-9888-267b1ca3479e"},"sitemap_locations":[],"last_modified":"2018-09-12T17:26:32.4569597Z"},{"id":"d03975c7-9628-40c5-9ae5-2028e83bcbcb","name":"Kimberly Daniels","codename":"kimberly_daniels","type":{"id":"e624e463-2680-4250-9e90-7ee4081acfd2"},"sitemap_locations":[],"last_modified":"2018-09-12T19:03:17.9968869Z"},{"id":"e0d6eb5d-ca94-488f-a00f-27353bce8a0c","name":"Revel in the Largest Amphitheatre Ever Built","codename":"revel_in_the_largest_amphitheatre_ever_built","type":{"id":"71c55db6-559f-414a-9888-267b1ca3479e"},"sitemap_locations":[],"last_modified":"2018-09-12T18:26:16.9923807Z"},{"id":"e340590d-e0b2-4a77-ba5a-82f971c23adb","name":"Wonder at an Engineering Marvel","codename":"wonder_at_an_engineering_marvel","type":{"id":"71c55db6-559f-414a-9888-267b1ca3479e"},"sitemap_locations":[],"last_modified":"2018-09-12T18:09:38.4395191Z"},{"id":"f89ed7f4-9bd1-4a2b-8346-e1ccc9c6df11","name":"Hike the Grand Canyon","codename":"hike_the_grand_canyon","type":{"id":"71c55db6-559f-414a-9888-267b1ca3479e"},"sitemap_locations":[],"last_modified":"2018-09-12T17:45:29.3875885Z"},{"id":"f92348d3-d259-412a-acca-9a0680676a6a","name":"Walk along the Great Wall of China ContentName","codename":"walk_along_the_great_wall_of_china_contentname","type":{"id":"71c55db6-559f-414a-9888-267b1ca3479e"},"sitemap_locations":[],"last_modified":"2019-08-16T14:20:19.6586706Z"},{"id":"2a1ba14e-3f07-4a14-bd98-783303e1bb62","name":"Simple","codename":"simple","type":{"id":"da0859b7-ae2b-4bd0-9cd2-b01663492f77"},"sitemap_locations":[],"last_modified":"2019-08-16T17:36:25.6607171Z"}]